  TERM 10   ,   84129 - 84154   ,+,F   ,100,-10.5,-5.29208,opp_overlap 84135, overlap 84116,
  TERM 40   ,  214647 - 214657  ,+,F   ,100,-5.4,-6.69613,overlap 214624,,
  TERM 46   ,  240273 - 240293  ,+,F   ,100,-5.5,-6.17292,opp_overlap 240273,,
  TERM 58   ,  330459 - 330471  ,+,F   ,100,-4.1,-6.07627,,,
  TERM 60   ,  338907 - 338940  ,+,F   ,100,-10.3,-5.40474,,,
  TERM 83   ,  448418 - 448466  ,+,F   ,100,-14.9,-3.47349,opp_overlap 448417 448419 448423, overlap 448419 448424,
  TERM 84   ,  448419 - 448465  ,+,F   ,100,-18.4,-2.68088,opp_overlap 448419 448417 448423, overlap 448418 448424,
  TERM 85   ,  448424 - 448460  ,+,F   ,100,-14.7,-4.50661,opp_overlap 448423 448419 448417, overlap 448419 448418,
  TERM 88   ,  460407 - 460419  ,+,F   ,100,-4.9,-5.93252,opp_overlap 460397 460392, overlap 460397,
  TERM 92   ,  479883 - 479914  ,+,F   ,100,-16,-3.13899,opp_overlap 479882 479883, overlap 479881 479903,
  TERM 98   ,  511018 - 511049  ,+,F   ,100,-2.4,-6.11019,opp_overlap 511024 511025 511028, overlap 511020 511025 511028,
  TERM 102  ,  524974 - 524991  ,+,F   ,100,-4.1,-6.02919,gap 1,,
  TERM 109  ,  578595 - 578611  ,+,F   ,100,-2.1,-6.23317,opp_overlap 578598, overlap 578598,
  TERM 120  ,  638851 - 638871  ,+,F   ,100,-11.9,-5.05577,,,
  TERM 150  ,  776450 - 776478  ,+,F   ,100,-17.7,-3.55815,opp_overlap 776446 776445 776441,,
  TERM 176  ,  900351 - 900365  ,+,F   ,100,-2.8,-6.02919,,,
  TERM 179  ,  911898 - 911930  ,+,F   ,100,-6.5,-5.8187,overlap 911899 911916,,
  TERM 185  ,  942316 - 942334  ,+,F   ,100,-13.2,-3.66803,opp_overlap 942303 942316,,
  TERM 190  ,  964717 - 964746  ,+,F   ,100,-12.3,-4.371,opp_overlap 964717 964710,,
  TERM 222  , 1087316 - 1087335 ,+,F   ,100,-7.8,-5.40474,opp_overlap 1087316 1087315,,
  TERM 245  , 1234290 - 1234303 ,+,F   ,100,-8.1,-5.4505,opp_overlap 1234289 1234290, overlap 1234302,
  TERM 248  , 1245912 - 1245936 ,+,F   ,100,-13.7,-4.59424,opp_overlap 1245910, overlap 1245929,
  TERM 249  , 1255088 - 1255108 ,+,F   ,100,-6.1,-5.80003,opp_overlap 1255093,,
  TERM 286  , 1426953 - 1426974 ,+,F   ,100,-5.9,-5.88471,opp_overlap 1426953,,
  TERM 297  , 1464846 - 1464864 ,+,F   ,100,-3.2,-6.20267,overlap 1464847,,
  TERM 311  , 1504414 - 1504444 ,+,F   ,100,-13.4,-3.56099,overlap 1504404,,
  TERM 332  , 1605000 - 1605012 ,+,F   ,100,-7.7,-5.51046,,,
  TERM 77   ,  438223 - 438245  ,+,F   ,95,-13.4,-3.20639,opp_overlap 438217 438222 438220 438218, overlap 438222,
  TERM 104  ,  537535 - 537566  ,+,F   ,95,-14.6,-2.78816,opp_overlap 537534 537530 537535, overlap 537523 537522,
  TERM 162  ,  846498 - 846529  ,+,F   ,95,-12.6,-3.37344,opp_overlap 846495 846489 846498 846522 846523 846527, overlap 846501,
  TERM 208  , 1058500 - 1058513 ,+,F   ,95,-5.3,-5.69262,overlap 1058485,,
  TERM 228  , 1105871 - 1105904 ,+,F   ,95,-13.9,-2.99449,opp_overlap 1105867, overlap 1105866,
  TERM 345  , 1665998 - 1666019 ,+,F   ,95,-13.1,-2.89511,opp_overlap 1665998, overlap 1665997,
  TERM 131  ,  669655 - 669669  ,+,F   ,93,-3.6,-5.93809,,,
  TERM 201  , 1031136 - 1031157 ,+,F   ,93,-4.5,-5.88565,gap 1, opp_overlap 1031135,
  TERM 291  , 1449851 - 1449870 ,+,F   ,93,-7.2,-5.54885,gap 1, opp_overlap 1449851, overlap 1449841 1449840 1449853
  TERM 312  , 1504518 - 1504535 ,+,F   ,93,-11.3,-4.86731,,,
  TERM 316  , 1519279 - 1519312 ,+,F   ,93,-9.8,-5.08255,overlap 1519272,,
  TERM 329  , 1590084 - 1590102 ,+,F   ,93,-13.2,-2.80244,opp_overlap 1590082, overlap 1590083 1590081,
  TERM 7    ,   50947 - 50957   ,+,F   ,91,-8.2,-5.05301,opp_overlap 50947,,
  TERM 63   ,  371609 - 371638  ,+,F   ,91,-3.5,-5.88565,opp_overlap 371605,,
  TERM 72   ,  428140 - 428160  ,+,F   ,91,-12.7,-3.20832,opp_overlap 428144, overlap 428139,
  TERM 110  ,  583525 - 583545  ,+,F   ,91,-9.7,-4.7497,opp_overlap 583523 583522 583525,,
  TERM 116  ,  616858 - 616873  ,+,F   ,91,-9,-4.98255,opp_overlap 616857, overlap 616869,
  TERM 133  ,  675039 - 675051  ,+,F   ,91,-9.1,-5.03747,opp_overlap 675038,,
  TERM 164  ,  868108 - 868124  ,+,F   ,91,-10.1,-4.72272,,,
  TERM 168  ,  877293 - 877309  ,+,F   ,91,-8.7,-4.86731,opp_overlap 877291,,
  TERM 182  ,  918252 - 918266  ,+,F   ,91,-10,-4.72696,overlap 918249,,
  TERM 326  , 1575102 - 1575120 ,+,F   ,91,-8.9,-5.0133,,,
  TERM 20   ,  133124 - 133140  ,+,F   ,90,-2.3,-5.95539,,,
  TERM 56   ,  327574 - 327592  ,+,F   ,90,-11.8,-3.90856,opp_overlap 327565 327574,,
  TERM 123  ,  644569 - 644587  ,+,F   ,90,-11,-4.41494,,,
  TERM 139  ,  722170 - 722193  ,+,F   ,90,-11.2,-4.67982,,,
  TERM 169  ,  878167 - 878195  ,+,F   ,90,-11.9,-3.41878,opp_overlap 878166 878167 878174, overlap 878174,
  TERM 175  ,  899761 - 899774  ,+,F   ,90,-2.3,-5.96521,overlap 899760,,
  TERM 192  ,  974764 - 974775  ,+,F   ,90,-3,-5.9873,opp_overlap 974764,,
  TERM 306  , 1493015 - 1493025 ,+,F   ,90,-8.2,-4.88736,,,
  TERM 310  , 1503261 - 1503284 ,+,F   ,90,-11.8,-3.9941,,,
  TERM 328  , 1590083 - 1590103 ,+,F   ,90,-11.9,-3.6761,opp_overlap 1590082, overlap 1590081 1590084,
  TERM 14   ,   99933 - 99947   ,+,F   ,89,-5.8,-5.63517,,,
  TERM 25   ,  150388 - 150421  ,+,F   ,89,-6.6,-5.46276,,,
  TERM 112  ,  600476 - 600497  ,+,F   ,89,-6.7,-5.40072,opp_overlap 600475 600476,,
  TERM 142  ,  751268 - 751285  ,+,F   ,89,-7.7,-5.0538,overlap 751253 751283,,
  TERM 167  ,  868848 - 868877  ,+,F   ,89,-12.2,-3.34501,overlap 868831 868838,,
  TERM 251  , 1263259 - 1263274 ,+,F   ,89,-7.6,-5.0538,opp_overlap 1263250 1263248 1263259,,
  TERM 322  , 1557229 - 1557247 ,+,F   ,89,-6.1,-5.5604,,,
  TERM 325  , 1575042 - 1575055 ,+,F   ,89,-6.7,-5.40474,,,
  TERM 51   ,  281043 - 281055  ,+,F   ,88,-3.4,-5.79595,opp_overlap 281023 281043,,
  TERM 68   ,  415455 - 415471  ,+,F   ,88,-8.7,-4.83169,opp_overlap 415455,,
  TERM 70   ,  427394 - 427413  ,+,F   ,88,-9.2,-4.60487,opp_overlap 427385,,
  TERM 209  , 1060333 - 1060356 ,+,F   ,88,-6.6,-5.20534,opp_overlap 1060331 1060334 1060339, overlap 1060334,
  TERM 213  , 1070497 - 1070516 ,+,F   ,88,-9.2,-4.60487,opp_overlap 1070488,,
  TERM 234  , 1156731 - 1156754 ,+,F   ,88,-6.6,-5.20534,opp_overlap 1156732 1156737, overlap 1156732,
  TERM 274  , 1378524 - 1378536 ,+,F   ,88,-3.3,-5.73978,,,
  TERM 276  , 1391464 - 1391478 ,+,F   ,88,-6.4,-5.20333,opp_overlap 1391464,,
  TERM 307  , 1495372 - 1495387 ,+,F   ,88,-6.8,-5.1963,opp_overlap 1495361, overlap 1495373,
  TERM 335  , 1613015 - 1613038 ,+,F   ,88,-6.6,-5.20534,opp_overlap 1613013 1613016 1613021, overlap 1613016,
  TERM 9    ,   80051 - 80067   ,+,F   ,87,-12.3,-2.91695,opp_overlap 80050 80047 80049, overlap 80048,
  TERM 30   ,  161899 - 161915  ,+,F   ,87,-8.1,-4.84311,overlap 161907,,
  TERM 90   ,  477199 - 477224  ,+,F   ,87,-11.9,-3.07401,opp_overlap 477192 477203,,
  TERM 218  , 1078506 - 1078516 ,+,F   ,87,-8.2,-4.72201,overlap 1078504,,
  TERM 247  , 1243575 - 1243595 ,+,F   ,87,-8.3,-4.72272,opp_overlap 1243573 1243572,,
  TERM 258  , 1313200 - 1313225 ,+,F   ,87,-8.3,-4.69464,opp_overlap 1313206,,
  TERM 26   ,  152490 - 152507  ,+,F   ,86,-9.9,-4.27117,,,
  TERM 76   ,  438222 - 438246  ,+,F   ,86,-9.9,-4.35604,opp_overlap 438217 438220 438218 438222, overlap 438223,
  TERM 82   ,  444835 - 444860  ,+,F   ,86,-7.8,-5.00616,opp_overlap 444823 444839, overlap 444823 444819 444839,
  TERM 121  ,  640090 - 640102  ,+,F   ,86,-5.5,-5.54907,opp_overlap 640090,,
  TERM 122  ,  641655 - 641670  ,+,F   ,86,-9,-4.60924,opp_overlap 641638 641654 641652 641649 641657,,
  TERM 129  ,  664298 - 664325  ,+,F   ,86,-8.6,-4.57569,gap 1,,
  TERM 202  , 1037631 - 1037647 ,+,F   ,86,-8.1,-4.62069,opp_overlap 1037643 1037644,,
  TERM 206  , 1052837 - 1052858 ,+,F   ,86,-12.3,-2.75382,opp_overlap 1052837 1052836, overlap 1052834 1052842,
  TERM 281  , 1403916 - 1403937 ,+,F   ,86,-8.8,-4.62783,opp_overlap 1403920, overlap 1403920,
  TERM 283  , 1412315 - 1412331 ,+,F   ,86,-8.7,-4.6759,opp_overlap 1412314,,
  TERM 304  , 1488331 - 1488345 ,+,F   ,86,-8.6,-4.6575,opp_overlap 1488330,,
  TERM 49   ,  250041 - 250056  ,+,F   ,85,-6.1,-5.38249,,,
  TERM 71   ,  428139 - 428161  ,+,F   ,85,-9.2,-4.35524,opp_overlap 428144, overlap 428140,
  TERM 87   ,  456104 - 456125  ,+,F   ,85,-12.3,-2.72344,opp_overlap 456103 456104, overlap 456109 456115,
  TERM 89   ,  461314 - 461326  ,+,F   ,85,-2.7,-5.8187,,,
  TERM 94   ,  483503 - 483518  ,+,F   ,85,-2.6,-5.71983,overlap 483504,,
  TERM 97   ,  496004 - 496015  ,+,F   ,85,-5.8,-5.46629,,,
  TERM 100  ,  521288 - 521315  ,+,F   ,85,-2.7,-5.75342,overlap 521311,,
  TERM 101  ,  521311 - 521332  ,+,F   ,85,-7.3,-5.06414,opp_overlap 521330, overlap 521288,
  TERM 103  ,  526137 - 526155  ,+,F   ,85,-10.2,-4.12738,,,
  TERM 126  ,  656835 - 656846  ,+,F   ,85,-7.2,-5.03145,,,
  TERM 241  , 1217390 - 1217401 ,+,F   ,85,-3,-5.8187,opp_overlap 1217390,,
  TERM 262  , 1324342 - 1324358 ,+,F   ,85,-3,-5.75342,,,
  TERM 52   ,  294367 - 294388  ,+,F   ,84,-4.5,-5.64274,,,
  TERM 74   ,  433288 - 433300  ,+,F   ,84,-7.7,-4.77173,opp_overlap 433288 433287,,
  TERM 96   ,  491755 - 491769  ,+,F   ,84,-8.6,-4.42788,,,
  TERM 114  ,  613375 - 613392  ,+,F   ,84,-7.7,-4.76233,,,
  TERM 151  ,  782658 - 782669  ,+,F   ,84,-4.4,-5.56568,,,
  TERM 198  , 1024162 - 1024178 ,+,F   ,84,-5.9,-5.28983,,,
  TERM 199  , 1024672 - 1024690 ,+,F   ,84,-2.4,-5.67529,overlap 1024674 1024675,,
  TERM 221  , 1085796 - 1085814 ,+,F   ,84,-2.4,-5.71638,overlap 1085801,,
  TERM 224  , 1093963 - 1093979 ,+,F   ,84,-8.7,-4.43669,,,
  TERM 254  , 1297855 - 1297866 ,+,F   ,84,-5.8,-5.18371,,,
  TERM 330  , 1591640 - 1591657 ,+,F   ,84,-9.1,-4.49958,opp_overlap 1591639,,
  TERM 339  , 1645859 - 1645888 ,+,F   ,84,-11.7,-3.32572,overlap 1645856 1645857,,
  TERM 3    ,   17594 - 17604   ,+,F   ,83,-5.4,-5.40072,,,
  TERM 5    ,   37169 - 37181   ,+,F   ,83,-4.1,-5.66229,,,
  TERM 12   ,   93117 - 93128   ,+,F   ,83,-7.2,-4.89339,opp_overlap 93116,,
  TERM 34   ,  193173 - 193194  ,+,F   ,83,-8.8,-4.36262,opp_overlap 193173,,
  TERM 44   ,  233744 - 233762  ,+,F   ,83,-4,-5.58051,,,
  TERM 54   ,  313782 - 313811  ,+,F   ,83,-10.9,-3.54129,,,
  TERM 69   ,  422653 - 422678  ,+,F   ,83,-7.7,-4.55128,,,
  TERM 111  ,  597270 - 597286  ,+,F   ,83,-10.9,-3.63805,,,
  TERM 125  ,  654912 - 654925  ,+,F   ,83,-6.7,-5.09225,opp_overlap 654911,,
  TERM 165  ,  868137 - 868169  ,+,F   ,83,-7.7,-4.66953,opp_overlap 868147, overlap 868138,
  TERM 166  ,  868138 - 868168  ,+,F   ,83,-11.2,-3.39449,opp_overlap 868147, overlap 868137,
  TERM 178  ,  909615 - 909628  ,+,F   ,83,-3.8,-5.59564,overlap 909610,,
  TERM 180  ,  914796 - 914813  ,+,F   ,83,-4.1,-5.61596,,,
  TERM 196  , 1023375 - 1023387 ,+,F   ,83,-7.7,-4.64598,overlap 1023369 1023386,,
  TERM 214  , 1071925 - 1071958 ,+,F   ,83,-8.1,-4.371,opp_overlap 1071901 1071924 1071926, overlap 1071926,
  TERM 215  , 1071926 - 1071957 ,+,F   ,83,-11.6,-3.21778,opp_overlap 1071901 1071924 1071926, overlap 1071925,
  TERM 223  , 1089674 - 1089691 ,+,F   ,83,-7.7,-4.56597,opp_overlap 1089674,,
  TERM 238  , 1206092 - 1206105 ,+,F   ,83,-3.9,-5.52384,overlap 1206091,,
  TERM 255  , 1302184 - 1302199 ,+,F   ,83,-7.6,-4.66953,,,
  TERM 259  , 1315128 - 1315145 ,+,F   ,83,-5.5,-5.4477,overlap 1315117 1315129,,
  TERM 261  , 1323821 - 1323835 ,+,F   ,83,-8.6,-4.26076,opp_overlap 1323820,,
  TERM 277  , 1393466 - 1393480 ,+,F   ,83,-6.4,-5.05782,overlap 1393454,,
  TERM 292  , 1451625 - 1451643 ,+,F   ,83,-7.6,-4.59489,opp_overlap 1451620 1451625,,
  TERM 294  , 1452556 - 1452573 ,+,F   ,83,-5.7,-5.36018,opp_overlap 1452554 1452556,,
  TERM 295  , 1452583 - 1452597 ,+,F   ,83,-3.6,-5.5112,,,
  TERM 301  , 1481509 - 1481543 ,+,F   ,83,-3.6,-5.55001,opp_overlap 1481510 1481520, overlap 1481504 1481510,
  TERM 305  , 1488840 - 1488860 ,+,F   ,83,-7.5,-4.57073,,,
  TERM 67   ,  411893 - 411912  ,+,F   ,82,-5.1,-5.40072,,,
  TERM 147  ,  771202 - 771218  ,+,F   ,82,-9.5,-4.05629,overlap 771206 771211,,
  TERM 148  ,  771206 - 771232  ,+,F   ,82,-9.6,-4.18018,overlap 771202 771211,,
  TERM 149  ,  771211 - 771227  ,+,F   ,82,-8.1,-4.21922,overlap 771202 771206,,
  TERM 156  ,  808193 - 808227  ,+,F   ,82,-10.8,-3.31196,opp_overlap 808175,,
  TERM 183  ,  925577 - 925594  ,+,F   ,82,-4.9,-5.39721,opp_overlap 925577,,
  TERM 242  , 1226936 - 1226952 ,+,F   ,82,-10.9,-3.31322,opp_overlap 1226936,,
  TERM 300  , 1481504 - 1481548 ,+,F   ,82,-5.1,-5.4505,opp_overlap 1481510 1481520, overlap 1481509 1481510,
  TERM 4    ,   25888 - 25910   ,+,F   ,81,-9.2,-3.99678,opp_overlap 25883 25881,,
  TERM 23   ,  146367 - 146394  ,+,F   ,81,-9.4,-3.91676,overlap 146365,,
  TERM 41   ,  218236 - 218254  ,+,F   ,81,-11.8,-2.60423,opp_overlap 218232, overlap 218232,
  TERM 47   ,  243250 - 243260  ,+,F   ,81,-6.8,-5.00616,opp_overlap 243250 243249 243247,,
  TERM 93   ,  481097 - 481123  ,+,F   ,81,-7.2,-4.76644,overlap 481099,,
  TERM 117  ,  631756 - 631771  ,+,F   ,81,-3.2,-5.67063,,,
  TERM 124  ,  654422 - 654460  ,+,F   ,81,-10.4,-3.61356,opp_overlap 654422 654421 654424,,
  TERM 155  ,  802590 - 802608  ,+,F   ,81,-4.5,-5.50723,opp_overlap 802589 802591, overlap 802591,
  TERM 181  ,  918249 - 918269  ,+,F   ,81,-5.3,-5.27335,overlap 918252,,
  TERM 212  , 1063634 - 1063662 ,+,F   ,81,-3.2,-5.64421,opp_overlap 1063634 1063639,,
  TERM 226  , 1101037 - 1101057 ,+,F   ,81,-10.5,-3.42574,overlap 1101027,,
  TERM 252  , 1263642 - 1263661 ,+,F   ,81,-9.4,-3.93659,opp_overlap 1263642,,
  TERM 257  , 1308062 - 1308088 ,+,F   ,81,-9.6,-3.92373,opp_overlap 1308062 1308064 1308076 1308077,,
  TERM 279  , 1399179 - 1399191 ,+,F   ,81,-5.5,-5.24449,overlap 1399180,,
  TERM 280  , 1399977 - 1399993 ,+,F   ,81,-9.5,-3.90874,,,
  TERM 288  , 1447935 - 1447945 ,+,F   ,81,-6.8,-4.89393,,,
  TERM 317  , 1524297 - 1524308 ,+,F   ,81,-4.4,-5.43414,,,
  TERM 327  , 1583476 - 1583500 ,+,F   ,81,-5.7,-5.3236,,,
  TERM 340  , 1657306 - 1657337 ,+,F   ,81,-5.4,-5.24551,opp_overlap 1657306 1657307, overlap 1657307,
  TERM 341  , 1657307 - 1657321 ,+,F   ,81,-4.4,-5.40072,opp_overlap 1657306 1657307, overlap 1657306,
  TERM 43   ,  231828 - 231842  ,+,F   ,80,-2.8,-5.60993,opp_overlap 231828,,
  TERM 57   ,  328893 - 328912  ,+,F   ,80,-8,-4.38712,opp_overlap 328886 328892 328893, overlap 328886,
  TERM 65   ,  391864 - 391888  ,+,F   ,80,-10.1,-3.63744,opp_overlap 391864 391863 391887, overlap 391863,
  TERM 78   ,  444771 - 444796  ,+,F   ,80,-7.8,-4.4448,opp_overlap 444775 444791, overlap 444764 444775 444787 444791,
  TERM 79   ,  444787 - 444812  ,+,F   ,80,-7.8,-4.4448,opp_overlap 444775 444791 444807, overlap 444775 444771 444791 444803 444807,
  TERM 80   ,  444803 - 444828  ,+,F   ,80,-7.8,-4.4448,opp_overlap 444791 444807 444823, overlap 444791 444787 444807 444819 444823,
  TERM 81   ,  444819 - 444844  ,+,F   ,80,-7.8,-4.4448,opp_overlap 444807 444823 444839, overlap 444807 444803 444823 444835 444839,
  TERM 141  ,  731542 - 731555  ,+,F   ,80,-2.5,-5.60993,,,
  TERM 170  ,  879377 - 879399  ,+,F   ,80,-10.8,-3.1883,opp_overlap 879375 879374,,
  TERM 189  ,  952116 - 952138  ,+,F   ,80,-2.7,-5.60993,,,
  TERM 210  , 1060334 - 1060355 ,+,F   ,80,-10.1,-3.70694,opp_overlap 1060331 1060334 1060339, overlap 1060333,
  TERM 235  , 1156732 - 1156753 ,+,F   ,80,-10.1,-3.70694,opp_overlap 1156732 1156737, overlap 1156731,
  TERM 240  , 1214767 - 1214781 ,+,F   ,80,-2.8,-5.54192,,,
  TERM 278  , 1393753 - 1393772 ,+,F   ,80,-10.8,-3.06796,,,
  TERM 282  , 1411046 - 1411060 ,+,F   ,80,-2.7,-5.64006,overlap 1411047,,
  TERM 284  , 1418445 - 1418463 ,+,F   ,80,-6.2,-5.07652,,,
  TERM 303  , 1483939 - 1483951 ,+,F   ,80,-2.6,-5.62219,opp_overlap 1483923 1483922, overlap 1483922 1483920 1483918,
  TERM 331  , 1596643 - 1596655 ,+,F   ,80,-2.7,-5.52807,overlap 1596644,,
  TERM 336  , 1613016 - 1613037 ,+,F   ,80,-10.1,-3.70694,opp_overlap 1613013 1613016 1613021, overlap 1613015,
  TERM 1    ,     452 - 464     ,+,F   ,79,-4.9,-5.24129,,,
  TERM 2    ,   12833 - 12845   ,+,F   ,79,-10.5,-3.30767,opp_overlap 12833 12832 12829, overlap 12831,
  TERM 6    ,   38508 - 38539   ,+,F   ,79,-6,-5.00616,overlap 38511,,
  TERM 15   ,  111578 - 111594  ,+,F   ,79,-7.9,-4.24326,,,
  TERM 16   ,  114080 - 114091  ,+,F   ,79,-5.8,-4.99134,,,
  TERM 31   ,  172064 - 172082  ,+,F   ,79,-4.6,-5.28755,opp_overlap 172064,,
  TERM 39   ,  213391 - 213406  ,+,F   ,79,-7.6,-4.28548,opp_overlap 213391,,
  TERM 45   ,  238662 - 238676  ,+,F   ,79,-8.6,-4.02424,,,
  TERM 48   ,  249520 - 249534  ,+,F   ,79,-6.4,-4.7153,opp_overlap 249520, overlap 249513,
  TERM 55   ,  324776 - 324800  ,+,F   ,79,-5,-5.27335,,,
  TERM 59   ,  331441 - 331457  ,+,F   ,79,-8.7,-3.88832,,,
  TERM 61   ,  340625 - 340641  ,+,F   ,79,-8.7,-4.011,opp_overlap 340628,,
  TERM 64   ,  389822 - 389854  ,+,F   ,79,-10.9,-3.04517,opp_overlap 389853, overlap 389821,
  TERM 73   ,  432247 - 432278  ,+,F   ,79,-6.7,-4.84527,overlap 432244,,
  TERM 75   ,  436938 - 436948  ,+,F   ,79,-8.2,-4.07568,,,
  TERM 86   ,  454639 - 454663  ,+,F   ,79,-2.3,-5.51046,gap 1, opp_overlap 454639,
  TERM 91   ,  479672 - 479691  ,+,F   ,79,-5,-5.1848,opp_overlap 479672, overlap 479662,
  TERM 99   ,  518394 - 518406  ,+,F   ,79,-4.9,-5.29445,,,
  TERM 105  ,  559288 - 559306  ,+,F   ,79,-2.4,-5.55769,overlap 559289,,
  TERM 106  ,  559678 - 559696  ,+,F   ,79,-2.4,-5.55769,overlap 559679,,
  TERM 107  ,  560749 - 560772  ,+,F   ,79,-11,-2.89565,opp_overlap 560747, overlap 560747,
  TERM 108  ,  562811 - 562826  ,+,F   ,79,-4,-5.38958,,,
  TERM 118  ,  632498 - 632508  ,+,F   ,79,-6.8,-4.77036,opp_overlap 632497, overlap 632486,
  TERM 127  ,  662189 - 662202  ,+,F   ,79,-4.5,-5.24551,opp_overlap 662189, overlap 662183,
  TERM 128  ,  662559 - 662570  ,+,F   ,79,-7.2,-4.62471,,,
  TERM 134  ,  680782 - 680810  ,+,F   ,79,-8.2,-4.07885,,,
  TERM 143  ,  752151 - 752175  ,+,F   ,79,-2.3,-5.55769,gap 1, opp_overlap 752151 752161 752172, overlap 752151 752172
  TERM 145  ,  761130 - 761154  ,+,F   ,79,-7.3,-4.59424,overlap 761085,,
  TERM 152  ,  791849 - 791860  ,+,F   ,79,-5.8,-5.00884,,,
  TERM 157  ,  827316 - 827329  ,+,F   ,79,-6.7,-4.80882,opp_overlap 827315 827316,,
  TERM 158  ,  831524 - 831543  ,+,F   ,79,-3.6,-5.36441,opp_overlap 831524, overlap 831511 831507,
  TERM 159  ,  834508 - 834528  ,+,F   ,79,-9.1,-4.00868,overlap 834513,,
  TERM 163  ,  860920 - 860934  ,+,F   ,79,-10,-3.53444,opp_overlap 860917,,
  TERM 171  ,  880690 - 880708  ,+,F   ,79,-9,-4.10429,opp_overlap 880704 880705,,
  TERM 174  ,  887545 - 887565  ,+,F   ,79,-8.3,-4.19472,opp_overlap 887545 887548,,
  TERM 184  ,  934429 - 934459  ,+,F   ,79,-6.2,-4.96657,overlap 934433,,
  TERM 188  ,  947174 - 947190  ,+,F   ,79,-8.7,-3.88832,,,
  TERM 191  ,  973704 - 973721  ,+,F   ,79,-8.5,-4.15514,,,
  TERM 197  , 1024091 - 1024105 ,+,F   ,79,-4.2,-5.26119,,,
  TERM 200  , 1031046 - 1031062 ,+,F   ,79,-8,-4.3467,opp_overlap 1031046 1031041,,
  TERM 205  , 1051372 - 1051396 ,+,F   ,79,-2.3,-5.51046,gap 1, opp_overlap 1051372,
  TERM 207  , 1058197 - 1058208 ,+,F   ,79,-2.2,-5.63236,opp_overlap 1058186,,
  TERM 220  , 1080435 - 1080449 ,+,F   ,79,-4.2,-5.28942,overlap 1080436,,
  TERM 225  , 1099921 - 1099935 ,+,F   ,79,-5.8,-4.93365,,,
  TERM 230  , 1134677 - 1134687 ,+,F   ,79,-8.2,-4.1821,overlap 1134676 1134673,,
  TERM 243  , 1232038 - 1232049 ,+,F   ,79,-5.8,-5.00616,,,
  TERM 244  , 1232394 - 1232411 ,+,F   ,79,-8.5,-4.09243,opp_overlap 1232394 1232391,,
  TERM 246  , 1239584 - 1239598 ,+,F   ,79,-7.2,-4.62069,overlap 1239587,,
  TERM 253  , 1276210 - 1276222 ,+,F   ,79,-6.3,-4.89521,overlap 1276199,,
  TERM 263  , 1326895 - 1326921 ,+,F   ,79,-2.2,-5.61824,overlap 1326894 1326897,,
  TERM 266  , 1336554 - 1336572 ,+,F   ,79,-4.6,-5.31456,opp_overlap 1336554,,
  TERM 267  , 1341228 - 1341241 ,+,F   ,79,-2.3,-5.56263,,,
  TERM 268  , 1344386 - 1344404 ,+,F   ,79,-3.8,-5.41359,overlap 1344376,,
  TERM 271  , 1350778 - 1350792 ,+,F   ,79,-8.6,-4.12942,overlap 1350781 1350788,,
  TERM 272  , 1355194 - 1355209 ,+,F   ,79,-7.6,-4.29227,,,
  TERM 273  , 1363093 - 1363122 ,+,F   ,79,-6.6,-4.82901,gap 1, overlap 1363094,
  TERM 285  , 1425112 - 1425125 ,+,F   ,79,-3.7,-5.38951,,,
  TERM 296  , 1454280 - 1454300 ,+,F   ,79,-6.1,-4.90266,overlap 1454282,,
  TERM 308  , 1501311 - 1501321 ,+,F   ,79,-4.6,-5.31275,,,
  TERM 309  , 1501643 - 1501663 ,+,F   ,79,-4,-5.48303,opp_overlap 1501643,,
  TERM 318  , 1524359 - 1524382 ,+,F   ,79,-8.2,-4.08317,opp_overlap 1524363, overlap 1524363,
  TERM 321  , 1544618 - 1544639 ,+,F   ,79,-6.7,-4.78572,,,
  TERM 323  , 1562343 - 1562368 ,+,F   ,79,-9.9,-3.43689,opp_overlap 1562354,,
  TERM 333  , 1612698 - 1612721 ,+,F   ,79,-8.2,-4.19735,,,
  TERM 337  , 1632851 - 1632869 ,+,F   ,79,-7.4,-4.56775,opp_overlap 1632846, overlap 1632846,
  TERM 343  , 1665874 - 1665890 ,+,F   ,79,-3.7,-5.41746,,,
  TERM 344  , 1665997 - 1666020 ,+,F   ,79,-9.6,-3.83323,opp_overlap 1665998, overlap 1665998,
  TERM 11   ,   92981 - 92995   ,+,F   ,78,-9.2,-3.5944,,,
  TERM 17   ,  119273 - 119283  ,+,F   ,78,-3.2,-5.40474,,,
  TERM 29   ,  161131 - 161141  ,+,F   ,78,-3.2,-5.45652,opp_overlap 161119 161118, overlap 161119,
  TERM 35   ,  193287 - 193299  ,+,F   ,78,-3.4,-5.36441,,,
  TERM 38   ,  211306 - 211328  ,+,F   ,78,-7,-4.40358,,,
  TERM 42   ,  221673 - 221683  ,+,F   ,78,-5.4,-5.14477,,,
  TERM 50   ,  271559 - 271575  ,+,F   ,78,-10.9,-2.78867,opp_overlap 271559, overlap 271558,
  TERM 66   ,  398397 - 398420  ,+,F   ,78,-11.2,-2.87931,opp_overlap 398395, overlap 398399,
  TERM 132  ,  674998 - 675011  ,+,F   ,78,-5.3,-5.04265,,,
  TERM 135  ,  685192 - 685202  ,+,F   ,78,-3.2,-5.45726,,,
  TERM 137  ,  712689 - 712703  ,+,F   ,78,-3.5,-5.41746,gap 1, overlap 712689,
  TERM 211  , 1063480 - 1063496 ,+,F   ,78,-9.5,-3.57144,opp_overlap 1063475,,
  TERM 229  , 1134673 - 1134689 ,+,F   ,78,-5.7,-5.1101,overlap 1134676 1134677,,
  TERM 232  , 1144555 - 1144565 ,+,F   ,78,-3.2,-5.47964,,,
  TERM 236  , 1166400 - 1166425 ,+,F   ,78,-10.5,-3.20361,overlap 1166405,,
  TERM 239  , 1210913 - 1210933 ,+,F   ,78,-5.5,-5.12707,,,
  TERM 289  , 1448949 - 1448962 ,+,F   ,78,-3.1,-5.46129,,,
  TERM 290  , 1449841 - 1449880 ,+,F   ,78,-11,-2.82773,gap 1, opp_overlap 1449851, overlap 1449840 1449851 1449853
  TERM 302  , 1483922 - 1483946 ,+,F   ,78,-9.9,-3.3215,opp_overlap 1483922 1483923, overlap 1483920 1483918 1483939,
  TERM 314  , 1507761 - 1507775 ,+,F   ,78,-7,-4.42806,opp_overlap 1507757, overlap 1507763,
  TERM 315  , 1508269 - 1508291 ,+,F   ,78,-5.7,-5.03715,gap 1, overlap 1508271 1508272,
  TERM 334  , 1612939 - 1612965 ,+,F   ,78,-3.2,-5.40474,overlap 1612915,,
  TERM 342  , 1660368 - 1660384 ,+,F   ,78,-9.3,-3.69395,opp_overlap 1660362 1660361,,
  TERM 8    ,   74436 - 74446   ,+,F   ,77,-8.2,-4.02719,opp_overlap 74435 74436,,
  TERM 19   ,  125876 - 125887  ,+,F   ,77,-5.8,-4.76644,,,
  TERM 21   ,  136659 - 136669  ,+,F   ,77,-6.8,-4.55295,,,
  TERM 22   ,  146365 - 146396  ,+,F   ,77,-6.8,-4.64383,overlap 146367,,
  TERM 32   ,  180290 - 180300  ,+,F   ,77,-6.8,-4.63527,,,
  TERM 36   ,  199049 - 199060  ,+,F   ,77,-5.8,-4.7173,,,
  TERM 136  ,  685729 - 685744  ,+,F   ,77,-6.2,-4.81306,overlap 685736,,
  TERM 140  ,  725898 - 725910  ,+,F   ,77,-6.2,-4.72846,,,
  TERM 154  ,  793659 - 793673  ,+,F   ,77,-5.8,-4.84527,opp_overlap 793658,,
  TERM 160  ,  842835 - 842845  ,+,F   ,77,-8.2,-3.9712,overlap 842813,,
  TERM 172  ,  880817 - 880830  ,+,F   ,77,-6.7,-4.64861,,,
  TERM 177  ,  901392 - 901402  ,+,F   ,77,-6.8,-4.63592,,,
  TERM 204  , 1047375 - 1047407 ,+,F   ,77,-10.7,-2.97382,opp_overlap 1047375, overlap 1047374 1047377,
  TERM 216  , 1074457 - 1074476 ,+,F   ,77,-9.4,-3.51825,opp_overlap 1074457 1074456 1074453,,
  TERM 256  , 1307205 - 1307216 ,+,F   ,77,-5.8,-4.77438,opp_overlap 1307205,,
  TERM 287  , 1436317 - 1436330 ,+,F   ,77,-6.7,-4.56597,opp_overlap 1436309,,
  TERM 298  , 1473701 - 1473747 ,+,F   ,77,-9.6,-3.52113,opp_overlap 1473700 1473701 1473706, overlap 1473700 1473705,
  TERM 320  , 1525233 - 1525248 ,+,F   ,77,-6.8,-4.55128,opp_overlap 1525233, overlap 1525228,
  TERM 13   ,   94185 - 94202   ,+,F   ,76,-2.7,-5.46129,,,
  TERM 18   ,  119322 - 119334  ,+,F   ,76,-5.5,-4.87893,,,
  TERM 24   ,  147143 - 147177  ,+,F   ,76,-3.6,-5.24129,overlap 147137 147145,,
  TERM 27   ,  153973 - 153988  ,+,F   ,76,-4,-5.24129,opp_overlap 153973,,
  TERM 28   ,  161119 - 161133  ,+,F   ,76,-7.2,-4.33739,opp_overlap 161119 161118, overlap 161131,
  TERM 33   ,  187042 - 187058  ,+,F   ,76,-8.7,-3.75884,,,
  TERM 37   ,  210401 - 210427  ,+,F   ,76,-5.4,-4.89009,overlap 210411,,
  TERM 53   ,  313114 - 313132  ,+,F   ,76,-3.8,-5.27779,,,
  TERM 62   ,  343391 - 343407  ,+,F   ,76,-5.1,-5.02074,opp_overlap 343405,,
  TERM 95   ,  485303 - 485314  ,+,F   ,76,-3,-5.40072,overlap 485270,,
  TERM 113  ,  601276 - 601289  ,+,F   ,76,-3.7,-5.1861,,,
  TERM 115  ,  616462 - 616474  ,+,F   ,76,-4.9,-5.04175,,,
  TERM 119  ,  637245 - 637268  ,+,F   ,76,-3.8,-5.24129,overlap 637246,,
  TERM 130  ,  666287 - 666314  ,+,F   ,76,-4.8,-5.04987,overlap 666288,,
  TERM 138  ,  720348 - 720367  ,+,F   ,76,-3.7,-5.24129,opp_overlap 720348,,
  TERM 144  ,  758114 - 758126  ,+,F   ,76,-2.7,-5.44721,overlap 758115,,
  TERM 146  ,  770158 - 770168  ,+,F   ,76,-2.6,-5.47914,,,
  TERM 153  ,  793086 - 793096  ,+,F   ,76,-2.6,-5.47218,,,
  TERM 161  ,  845612 - 845627  ,+,F   ,76,-2.6,-5.35222,,,
  TERM 173  ,  884846 - 884858  ,+,F   ,76,-9.1,-3.70902,opp_overlap 884846,,
  TERM 186  ,  944918 - 944930  ,+,F   ,76,-4.8,-5.13354,,,
  TERM 187  ,  946119 - 946137  ,+,F   ,76,-3.8,-5.243,,,
  TERM 193  , 1008346 - 1008368 ,+,F   ,76,-5.1,-5.1675,overlap 1008344,,
  TERM 194  , 1011249 - 1011261 ,+,F   ,76,-2.6,-5.38348,,,
  TERM 195  , 1021951 - 1021965 ,+,F   ,76,-5.6,-5.00616,,,
  TERM 203  , 1037681 - 1037698 ,+,F   ,76,-5.6,-4.99972,,,
  TERM 217  , 1078504 - 1078519 ,+,F   ,76,-4,-5.26316,gap 1, overlap 1078506,
  TERM 219  , 1079894 - 1079916 ,+,F   ,76,-3.6,-5.24416,,,
  TERM 227  , 1104431 - 1104453 ,+,F   ,76,-4.8,-5.08878,overlap 1104432,,
  TERM 231  , 1137895 - 1137917 ,+,F   ,76,-5,-5.03314,,,
  TERM 233  , 1146652 - 1146666 ,+,F   ,76,-5.7,-4.96848,opp_overlap 1146647 1146651,,
  TERM 237  , 1172435 - 1172461 ,+,F   ,76,-8.7,-3.78934,,,
  TERM 250  , 1263106 - 1263118 ,+,F   ,76,-2.6,-5.40072,,,
  TERM 260  , 1315129 - 1315144 ,+,F   ,76,-9,-3.85235,overlap 1315117 1315128,,
  TERM 264  , 1329000 - 1329014 ,+,F   ,76,-8.6,-3.79043,overlap 1328993,,
  TERM 265  , 1332637 - 1332651 ,+,F   ,76,-10,-3.13082,opp_overlap 1332637, overlap 1332635 1332633 1332633,
  TERM 269  , 1345064 - 1345085 ,+,F   ,76,-3.7,-5.19251,gap 1,,
  TERM 270  , 1350372 - 1350383 ,+,F   ,76,-3.6,-5.27938,,,
  TERM 275  , 1380103 - 1380122 ,+,F   ,76,-4.9,-5.0925,,,
  TERM 293  , 1452417 - 1452429 ,+,F   ,76,-6.9,-4.21408,,,
  TERM 299  , 1477098 - 1477112 ,+,F   ,76,-7.2,-4.3208,,,
  TERM 313  , 1507098 - 1507109 ,+,F   ,76,-3.6,-5.24531,opp_overlap 1507096,,
  TERM 319  , 1524467 - 1524481 ,+,F   ,76,-5.7,-5.0133,opp_overlap 1524467 1524466, overlap 1524451 1524448,
  TERM 324  , 1574710 - 1574736 ,+,F   ,76,-3,-5.50723,,,
  TERM 338  , 1634942 - 1634981 ,+,F   ,76,-10.2,-3.0806,gap 1, opp_overlap 1634943 1634948,